german,korean,tags,lang
"der Abend","저녁","noun star3","de-DE"
"abfahren","출발하다","other star3","de-DE"
"die Abfahrt","출발","noun star3","de-DE"
"alt","늙은","other star3","de-DE"
"das Amt","공직, 관직","noun star3","de-DE"
"anbieten","제안하다","other star3","de-DE"
"ander","다른","other star3","de-DE"
"anders","다른 방향으로, 달리","other star3","de-DE"
"anfangen","시작하다, 착수하다","other star3","de-DE"
"angenehm","쾌적한, 유쾌한","other star3","de-DE"
"der Angestellte","종업원, 월급쟁이","noun star3","de-DE"
"die Angst","공포, 두려움","noun star3","de-DE"
"ankommen","도착하다","other star3","de-DE"
"die Ankunft","도착","noun star3","de-DE"
"anrufen","전화걸다, 부르다","other star3","de-DE"
"antworten","대답하다","other star3","de-DE"
"anziehen","입히다","other star3","de-DE"
"der Anzug","신사복","noun star3","de-DE"
"der Apfel","사과","noun star3","de-DE"
"die Apotheke","약국","noun star3","de-DE"
"der Apparat","장치, 기구","noun star3","de-DE"
"ärgerlich","화난","other star3","de-DE"
"ärgern","화나게 하다","other star3","de-DE"
"arm","불쌍한, 가난한","other star3","de-DE"
"der Arm","팔","noun star3","de-DE"
"der Arzt","의사","noun star3","de-DE"
"die Aufgabe","과제, 임무","noun star3","de-DE"
"aufhören","그만두다","other star3","de-DE"
"aufpassen","주의하다, 돌보다","other star3","de-DE"
"aufräumen","치우다, 청소하다","other star3","de-DE"
"aufstehen","열려있다, 일어서다","other star3","de-DE"
"das Auge","눈","noun star3","de-DE"
"die Auskunft","알림, 안내","noun star3","de-DE"
"das Ausland","외국","noun star3","de-DE"
"aussehen","~처럼 보이다","other star3","de-DE"
"der Ausweis","신분증명서","noun star3","de-DE"
"ausziehen","펼치다, 뽑아내다","other star3","de-DE"
"das Cafe","커피숍","noun star3","de-DE"
"der Chef","우두머리, 장","noun star3","de-DE"
"die Dame","귀부인, 숙녀","noun star3","de-DE"
"der Dank","감사","noun star3","de-DE"
"danken","감사하다","other star3","de-DE"
"dauern","지속되다","other star3","de-DE"
"denken","생각하다","other star3","de-DE"
"deshalb","그 때문에","other star3","de-DE"
"der Dezember","12월","noun star3","de-DE"
"dick","두꺼운, 부푼","other star3","de-DE"
"der Dienstag","화요일","noun star3","de-DE"
"der Donnerstag","목요일","noun star3","de-DE"
"die Dose","깡통","noun star3","de-DE"
"drüben","저쪽에서","other star3","de-DE"
"dumm","어리석은","other star3","de-DE"
"dunkel","어두운","other star3","de-DE"
"dünn","얇은, 가는, 여윈","other star3","de-DE"
"der Durst","목마름, 갈증","noun star3","de-DE"
"duschen","샤워를 하다","other star3","de-DE"
"eben","평평한","other star3","de-DE"
"leben","생존하다","other star3","de-DE"
"die Ebene","평야, 평지","noun star3","de-DE"
"die Ecke","모퉁이","noun star3","de-DE"
"egal","아무렇게나 해도 좋은","other star3","de-DE"
"das Ei","알, 달걀","noun star3","de-DE"
"einfach","단순한, 이해하기 쉬운","other star3","de-DE"
"einig","몇몇의","other star3","de-DE"
"einkaufen","구입하다","other star3","de-DE"
"einladen","초청하다, 초대하다","other star3","de-DE"
"einverstanden","동의된, 합의된","other star3","de-DE"
"das Eis","얼음","noun star3","de-DE"
"Eltern","양친, 부모","other star3","de-DE"
"das Ende","끝","noun star3","de-DE"
"endlich","마침내, 드디어","other star3","de-DE"
"eng","좁은, 비좁은","other star3","de-DE"
"entlang","~따라","other star3","de-DE"
"entschuldigen","용서하다, 변호하다","other star3","de-DE"
"das Erdgeschoss","1층","noun star3","de-DE"
"erholen","회복되다, 휴양하다","other star3","de-DE"
"erkälten","감기들다(sich)","other star3","de-DE"
"erst","맨처음, 최초의","other star3","de-DE"
"erwachsen","자라다, 생기다","other star3","de-DE"
"erzählen","말하다, 묘사하다","other star3","de-DE"
"essen","먹다","other star3","de-DE"
"das Essen","식사, 음식","noun star3","de-DE"
"etwa","대략, 혹시, 어쩌다가","other star3","de-DE"
"etwas","어떤것, 무엇, 조금","other star3","de-DE"
"die Fabel","우화","noun star3","de-DE"
"das Fach","칸막이","noun star3","de-DE"
"fahren","향하다, 가다, 운전하다","other star3","de-DE"
"das Fahrrad","자전거","noun star3","de-DE"
"die Fahrt","여행, 드라이브","noun star3","de-DE"
"fallen","넘어지다, 쓰러지다","other star3","de-DE"
"falsch","거짓의, 틀린","other star3","de-DE"
"die Familie","가족, 가정","noun star3","de-DE"
"die Farbe","색, 색채","noun star3","de-DE"
"fast","거의, 대략","other star3","de-DE"
"faul","썩은, 부패한","other star3","de-DE"
"fehlen","잘못하다, 실패하다","other star3","de-DE"
"der Fehler","오류, 결점","noun star3","de-DE"
"feiern","축하하다","other star3","de-DE"
"das Fenster","창, 창문","noun star3","de-DE"
"Ferien","휴가","other star3","de-DE"
"fernsehen","TV보다","other star3","de-DE"
"fertig","준비된, 숙련된, 끝난","other star3","de-DE"
"das Fest","축제, 잔치","noun star3","de-DE"
"fett","살찐, 뚱뚱한","other star3","de-DE"
"das Feuer","불, 화재","noun star3","de-DE"
"das Fieber","열, 열병","noun star3","de-DE"
"finden","발견하다","other star3","de-DE"
"der Finger","손가락","noun star3","de-DE"
"die Firma","회사","noun star3","de-DE"
"der Fisch","물고기","noun star3","de-DE"
"die Flasche","병","noun star3","de-DE"
"das Fleisch","살","noun star3","de-DE"
"fleißig","부지런한, 근면한","other star3","de-DE"
"fliegen","날다, 비행기로 가다","other star3","de-DE"
"fließen","흐르다","other star3","de-DE"
"der Flug","비행","noun star3","de-DE"
"der Fluss","강, 하천","noun star3","de-DE"
"fragen","묻다, 질문하다","other star3","de-DE"
"die Frau","여성, 여자","noun star3","de-DE"
"frei","자유로운","other star3","de-DE"
"der Freitag","금요일","noun star3","de-DE"
"die Freizeit","휴가, 여가","noun star3","de-DE"
"fremd","외국의, 낯선","other star3","de-DE"
"freuen","기뻐하다","other star3","de-DE"
"der Freund","친구","noun star3","de-DE"
"freundlich","친절한","other star3","de-DE"
"frisch","시원한, 활기찬","other star3","de-DE"
"froh","기뻐하는, 즐거운","other star3","de-DE"
"früh","이른, 초기의","other star3","de-DE"
"der Frühling","봄","noun star3","de-DE"
"das Frühstück","조반","noun star3","de-DE"
"fürchten","두려워하다","other star3","de-DE"
"der Fuß","발, 다리","noun star3","de-DE"
"die Gabel","포크","noun star3","de-DE"
"ganz","온전한, 전체의","other star3","de-DE"
"der Garten","뜰, 정원","noun star3","de-DE"
"der Gast","손님","noun star3","de-DE"
"geben","주다","other star3","de-DE"
"geboren","타고난","other star3","de-DE"
"die Geburt","분만, 출산","noun star3","de-DE"
"gefährlich","위험한","other star3","de-DE"
"gefallen","맘에 들다","other star3","de-DE"
"gegenüber","맞은 편에","other star3","de-DE"
"gehören","~의 소유이다","other star3","de-DE"
"das Geld","금전, 지폐","noun star3","de-DE"
"das Gemüse","야채","noun star3","de-DE"
"genau","면밀한, 엄격한","other star3","de-DE"
"genug","충분한, 넉넉한","other star3","de-DE"
"das Gepäck","수하물, 배낭","noun star3","de-DE"
"geradeaus","똑바로","other star3","de-DE"
"das Geschäft","용무, 일, 영업, 장사","noun star3","de-DE"
"das Geschenk","선물","noun star3","de-DE"
"das Geschirr","그릇, 마구","noun star3","de-DE"
"das Geschwister","형제, 자매","noun star3","de-DE"
"das Gesicht","얼굴, 용모","noun star3","de-DE"
"gestern","어제","other star3","de-DE"
"gesund","건강한","other star3","de-DE"
"das Getränk","마실 것, 음료","noun star3","de-DE"
"gewinnen","이기다, 얻다","other star3","de-DE"
"die Gitarre","기타","noun star3","de-DE"
"das Glas","유리","noun star3","de-DE"
"glauben","믿다, 생각하다","other star3","de-DE"
"gleich","동일한, 곧","other star3","de-DE"
"das Gleis","궤도, 레일","noun star3","de-DE"
"das Glück","행운, 요행","noun star3","de-DE"
"glücklich","행복한, 행운의","other star3","de-DE"
"gratulieren","축하하다","other star3","de-DE"
"grau","회색의","other star3","de-DE"
"groß","큰, 많은, 위대한","other star3","de-DE"
"die Großmutter","조모","noun star3","de-DE"
"der Großvater","조부","noun star3","de-DE"
"grün","녹색의, 초록의","other star3","de-DE"
"grüßen","인사하다","other star3","de-DE"
"gut","좋은, 선량한","other star3","de-DE"
"das Haar","털, 머리털","noun star3","de-DE"
"der Hafen","항구, 항만","noun star3","de-DE"
"das Hähnchen","수평아리","noun star3","de-DE"
"halb","절반의","other star3","de-DE"
"der Hals","목, 목덜미","noun star3","de-DE"
"halten","붙잡다, 유지하다, 행하다","other star3","de-DE"
"die Haltestelle","정류장","noun star3","de-DE"
"die Hand","손","noun star3","de-DE"
"hängen","걸려있다, 정체하다","other star3","de-DE"
"hart","단단한, 굳은","other star3","de-DE"
"hässlich","추한, 못생긴","other star3","de-DE"
"häufig","빈번한, 잦은","other star3","de-DE"
"der Hauptbahnhof","중앙역","noun star3","de-DE"
"das Haus","집","noun star3","de-DE"
"das Heft","공책","noun star3","de-DE"
"heiraten","결혼하다","other star3","de-DE"
"heiß","뜨거운, 더운","other star3","de-DE"
"heißen","부르다, 의미하다","other star3","de-DE"
"die Heizung","난방, 난방장치","noun star3","de-DE"
"helfen","돕다, 유용하다","other star3","de-DE"
"hell","맑은, 밝은","other star3","de-DE"
"das Hemd","셔츠, 내의","noun star3","de-DE"
"der Herbst","가을, 수확","noun star3","de-DE"
"der Herr","님, 신사","noun star3","de-DE"
"herrlich","훌륭한","other star3","de-DE"
"herzlich","충심의","other star3","de-DE"
"heute","오늘","other star3","de-DE"
"hinten","뒤에, 배후에","other star3","de-DE"
"hoch","높은, 상층의, 아주","other star3","de-DE"
"hoffen","바라다, 기대하다","other star3","de-DE"
"holen","가져오다, 꺼내다","other star3","de-DE"
"das Holz","재목, 목재, 장작","noun star3","de-DE"
"hören","듣다","other star3","de-DE"
"die Hose","바지","noun star3","de-DE"
"hübsch","예쁜, 귀여운","other star3","de-DE"
"der Hund","개","noun star3","de-DE"
"die Hundert","백","noun star3","de-DE"
"der Hunger","배고픔, 공복","noun star3","de-DE"
"der Hut","모자, 감독, 보호","noun star3","de-DE"
"die Idee","관념, 생각","noun star3","de-DE"
"immer","늘, 항상","other star3","de-DE"
"die Insel","섬, 도서","noun star3","de-DE"
"das Instrument","도구, 기구, 악기","noun star3","de-DE"
"interessant","재밌는","other star3","de-DE"
"interessieren","흥미를 일으키다","other star3","de-DE"
"irgend","도대체, 어느","other star3","de-DE"
"die Jacke","윗옷, 재킷","noun star3","de-DE"
"das Jahr","일년","noun star3","de-DE"
"die Jahreszeit","계절","noun star3","de-DE"
"je","언제나, 언젠가, 일찍이","other star3","de-DE"
"jemand","어떤사람, 누군가","other star3","de-DE"
"jung","젊은","other star3","de-DE"
"der Junge","소년, 젊은이","noun star3","de-DE"
"der Kaffee","커피","noun star3","de-DE"
"kalt","추운, 냉정한","other star3","de-DE"
"kaputt","망가진, 고장난","other star3","de-DE"
"die Karte","카드","noun star3","de-DE"
"die Kartoffel","감자","noun star3","de-DE"
"der Käse","치즈","noun star3","de-DE"
"die Kasse","금고, 현금출납소","noun star3","de-DE"
"die Katze","(암)고양이","noun star3","de-DE"
"kaufen","사다, 구입하다","other star3","de-DE"
"das Kaufhaus","백화점","noun star3","de-DE"
"kaum","거의~않다","other star3","de-DE"
"kennen","알다","other star3","de-DE"
"kennenlernen","알게 되다","other star3","de-DE"
"das Kind","아이","noun star3","de-DE"
"das Kino","영화관","noun star3","de-DE"
"die Kirche","교회","noun star3","de-DE"
"klar","밝은, 명백한, 확실한","other star3","de-DE"
"die Klasse","학급, 계급","noun star3","de-DE"
"das Klavier","피아노","noun star3","de-DE"
"das Kleid","원피스","noun star3","de-DE"
"die Kleidung","의복, 옷","noun star3","de-DE"
"klein","작은","other star3","de-DE"
"klingeln","벨 누르다","other star3","de-DE"
"klopfen","두드리다","other star3","de-DE"
"klug","영리한","other star3","de-DE"
"kochen","끓이다, 삶다, 찌다","other star3","de-DE"
"der Koffer","트렁크, 여행용가방","noun star3","de-DE"
"kommen","오다, 도착하다","other star3","de-DE"
"das Konzert","음악회","noun star3","de-DE"
"der Kopf","머리, 두뇌","noun star3","de-DE"
"kosten","값이다, 필요로 하다","other star3","de-DE"
"krank","아픈","other star3","de-DE"
"die Krawatte","넥타이","noun star3","de-DE"
"die Kreuzung","교차, 교차점","noun star3","de-DE"
"die Küche","부엌, 주방","noun star3","de-DE"
"der Kuchen","케이크","noun star3","de-DE"
"kühl","시원한","other star3","de-DE"
"kurz","짧은","other star3","de-DE"
"lächeln","미소하다","other star3","de-DE"
"lachen","웃다","other star3","de-DE"
"die Lampe","램프","noun star3","de-DE"
"das Land","육지, 땅","noun star3","de-DE"
"die Landschaft","풍경, 지형","noun star3","de-DE"
"lang","긴","other star3","de-DE"
"lange","오랫동안","other star3","de-DE"
"langsam","느린, 천천히","other star3","de-DE"
"langweilig","지루한","other star3","de-DE"
"laufen","달리다, 뛰다","other star3","de-DE"
"laut","시끄러운","other star3","de-DE"
"lecker","맛있는","other star3","de-DE"
"ledig","미혼의, 독신의","other star3","de-DE"
"leer","공허한","other star3","de-DE"
"legen","두다, 눕히다","other star3","de-DE"
"der Lehrer","교사","noun star3","de-DE"
"leicht","가벼운","other star3","de-DE"
"leid","유감으로 생각하다","other star3","de-DE"
"leider","유감스럽게도","other star3","de-DE"
"leihen","빌려주다","other star3","de-DE"
"leise","낮은 목소리의","other star3","de-DE"
"lernen","배우다","other star3","de-DE"
"lesen","읽다","other star3","de-DE"
"Leute","사람들","other star3","de-DE"
"das Licht","빛, 밝기","noun star3","de-DE"
"lieb","사랑하는","other star3","de-DE"
"lieben","사랑하다","other star3","de-DE"
"das Lied","가곡","noun star3","de-DE"
"links","왼쪽에","other star3","de-DE"
"der Löffel","스푼","noun star3","de-DE"
"los","풀린, 해방되다","other star3","de-DE"
"die Luft","공기","noun star3","de-DE"
"die Lust","욕망, 즐거움","noun star3","de-DE"
"lustig","즐거운, 재밌는, 활발한","other star3","de-DE"
"machen","만들다","other star3","de-DE"
"das Mädchen","소녀","noun star3","de-DE"
"der Magen","위, 배","noun star3","de-DE"
"malen","칠하다, 그리다","other star3","de-DE"
"der Mantel","외투","noun star3","de-DE"
"der Markt","장, 시장","noun star3","de-DE"
"die Maschine","기계","noun star3","de-DE"
"das Medikament","약품, 약","noun star3","de-DE"
"das Meer","바다, 대양","noun star3","de-DE"
"meinen","생각하다","other star3","de-DE"
"meistens","대부분","other star3","de-DE"
"der Mensch","인간","noun star3","de-DE"
"das Messer","나이프","noun star3","de-DE"
"mieten","임차하다, 빌리다","other star3","de-DE"
"die Milch","젖, 우유","noun star3","de-DE"
"die Mitte","중앙","noun star3","de-DE"
"das Mittel","수단, 방법","noun star3","de-DE"
"der Mittwoch","수요일","noun star3","de-DE"
"das Möbel","가구","noun star3","de-DE"
"möglich","가능한","other star3","de-DE"
"der Mond","달","noun star3","de-DE"
"müde","지친, 피로한","other star3","de-DE"
"der Mund","입","noun star3","de-DE"
"die Mutter","어머니","noun star3","de-DE"
"der Nachbar","이웃사람","noun star3","de-DE"
"die Nachricht","정보, 뉴스","noun star3","de-DE"
"der Nachtisch","디저트","noun star3","de-DE"
"nahe","가까운","other star3","de-DE"
"nass","축축한","other star3","de-DE"
"die Natur","자연","noun star3","de-DE"
"natürlich","자연의, 타고난","other star3","de-DE"
"der Nebel","안개","noun star3","de-DE"
"nehmen","잡다","other star3","de-DE"
"nervös","신경질적인, 신경성의","other star3","de-DE"
"nett","친절한","other star3","de-DE"
"neu","새로운","other star3","de-DE"
"nie","결코~아니다","other star3","de-DE"
"niedrig","낮은","other star3","de-DE"
"niemand","아무도~아니다","other star3","de-DE"
"normal","표준의, 보통의","other star3","de-DE"
"die Note","악보, 평점, 점수","noun star3","de-DE"
"die Nudel","국수","noun star3","de-DE"
"die Null","제로","noun star3","de-DE"
"die Nummer","수","noun star3","de-DE"
"oben","위에","other star3","de-DE"
"das Obst","과일","noun star3","de-DE"
"obwohl","~에도 불구하고","other star3","de-DE"
"öffnen","열다","other star3","de-DE"
"oft","자주","other star3","de-DE"
"das Ohr","귀","noun star3","de-DE"
"das Öl","기름","noun star3","de-DE"
"der Onkel","숙부, 삼촌","noun star3","de-DE"
"der Ort","장소","noun star3","de-DE"
"der Ost","동쪽","noun star3","de-DE"
"das Päckchen","작은꾸러미","noun star3","de-DE"
"packen","싸다, 붙잡다","other star3","de-DE"
"die Packung","포장","noun star3","de-DE"
"das Papier","종이","noun star3","de-DE"
"parken","주차하다","other star3","de-DE"
"der Pass","좁고 험한 길, 여권","noun star3","de-DE"
"passen","꼭맞다, 어울리다","other star3","de-DE"
"passieren","통과하다, 일어나다, 생기다","other star3","de-DE"
"die Person","사람","noun star3","de-DE"
"der Pfeffer","후추","noun star3","de-DE"
"planen","계획하다","other star3","de-DE"
"der Platz","광장, 장소","noun star3","de-DE"
"die Polizei","경찰","noun star3","de-DE"
"der Polizist","경찰관","noun star3","de-DE"
"die Post","우편, 우체국","noun star3","de-DE"
"der Preis","값, 가격","noun star3","de-DE"
"preiswert","적당한 값의","other star3","de-DE"
"das Problem","문제","noun star3","de-DE"
"das Programm","프로그램","noun star3","de-DE"
"die Prüfung","검사, 조사","noun star3","de-DE"
"pünktlich","정확한","other star3","de-DE"
"putzen","청소하다","other star3","de-DE"
"das Quadrat","정방형, 자승","noun star3","de-DE"
"die Quittung","영수, 영수증","noun star3","de-DE"
"das Rathaus","시청","noun star3","de-DE"
"rauchen","연기나다, 흡연하다","other star3","de-DE"
"rechnen","셈하다","other star3","de-DE"
"die Rechnung","계산","noun star3","de-DE"
"recht","정당한, 적당한","other star3","de-DE"
"rechts","오른쪽으로","other star3","de-DE"
"das Regal","서가, 선반","noun star3","de-DE"
"regnen","비오다","other star3","de-DE"
"reich","풍부한","other star3","de-DE"
"der Reis","쌀, 밥","noun star3","de-DE"
"reisen","여행하다","other star3","de-DE"
"reparieren","수리하다, 수선하다","other star3","de-DE"
"reservieren","예약하다","other star3","de-DE"
"richtig","바른, 정당한","other star3","de-DE"
"die Richtung","방향, 진로, 경향","noun star3","de-DE"
"das Rind","(동물) 소","noun star3","de-DE"
"der Rock","상의, 재킷","noun star3","de-DE"
"rot","붉은","other star3","de-DE"
"der Rücken","등, 잔등","noun star3","de-DE"
"die Rückfahrt","귀향","noun star3","de-DE"
"ruhig","조용한","other star3","de-DE"
"rund","둥근","other star3","de-DE"
"die Sache","사물, 물건","noun star3","de-DE"
"der Saft","주스, 과즙","noun star3","de-DE"
"sagen","말하다","other star3","de-DE"
"der Salat","샐러드","noun star3","de-DE"
"das Salz","소금","noun star3","de-DE"
"der Samstag","토요일","noun star3","de-DE"
"sauber","깨끗한, 청결한","other star3","de-DE"
"sauer","신, 산성의","other star3","de-DE"
"schade","섭섭한, 유감스러운","other star3","de-DE"
"der Schalter","스위치, (우체국등)창구","noun star3","de-DE"
"scharf","날카로운","other star3","de-DE"
"scheinen","빛나다","other star3","de-DE"
"schenken","선물하다","other star3","de-DE"
"schicken","보내다, 적합하다(sich)","other star3","de-DE"
"das Schiff","배, 선박","noun star3","de-DE"
"der Schirm","우산, 양산","noun star3","de-DE"
"schlafen","자다","other star3","de-DE"
"schlank","가늘고 긴, 날씬한","other star3","de-DE"
"schlecht","나쁜","other star3","de-DE"
"schließen","잠그다, 닫다, 끝내다","other star3","de-DE"
"schlimm","좋지않은, 나쁜","other star3","de-DE"
"der Schlüssel","열쇠","noun star3","de-DE"
"schmal","좁은, 모자라는","other star3","de-DE"
"schmecken","~한 맛이 나다","other star3","de-DE"
"der Schmerz","고통","noun star3","de-DE"
"schmutzig","더러운","other star3","de-DE"
"der Schnee","눈","noun star3","de-DE"
"schneiden","자르다, 베다","other star3","de-DE"
"schneien","눈이 오다","other star3","de-DE"
"schnell","신속한","other star3","de-DE"
"das Schnitzel","잘라버린 조각","noun star3","de-DE"
"die Schokolade","초콜릿","noun star3","de-DE"
"schon","이미, 벌써","other star3","de-DE"
"der Schrank","옷장, 책장","noun star3","de-DE"
"schreiben","쓰다, 편지쓰다","other star3","de-DE"
"der Schuh","구두","noun star3","de-DE"
"schuld","죄가있는, 책임있는","other star3","de-DE"
"die Schule","학교, 수업","noun star3","de-DE"
"der Schüler","학생, 제자","noun star3","de-DE"
"schwach","약한, 허약한, 보잘것없는","other star3","de-DE"
"schwarz","검은","other star3","de-DE"
"das Schwein","돼지","noun star3","de-DE"
"schwer","무거운, 어려운, 심한","other star3","de-DE"
"die Schwester","자매, 누이","noun star3","de-DE"
"der See","호수","noun star3","de-DE"
"sehen","보다, 구경하다","other star3","de-DE"
"sehr","몹시, 매우","other star3","de-DE"
"selber","자기가, 직접","other star3","de-DE"
"selbst","스스로, 자신이","other star3","de-DE"
"selten","드문","other star3","de-DE"
"setzen","앉히다","other star3","de-DE"
"sicher","안전한, 확실한","other star3","de-DE"
"singen","노래하다","other star3","de-DE"
"sitzen","앉아있다","other star3","de-DE"
"die Socke","양말","noun star3","de-DE"
"sofort","즉시","other star3","de-DE"
"der Sohn","아들","noun star3","de-DE"
"der Sonnabend","토요일","noun star3","de-DE"
"die Sonne","태양","noun star3","de-DE"
"der Sonntag","일요일","noun star3","de-DE"
"sonst","그렇지 않으면","other star3","de-DE"
"die Sorge","근심","noun star3","de-DE"
"sparen","절약하다, 아끼다","other star3","de-DE"
"der Spaß","농담, 재미","noun star3","de-DE"
"spät","늦은","other star3","de-DE"
"später","나중의, 다음의","other star3","de-DE"
"spielen","놀다, 연주하다, 상연하다","other star3","de-DE"
"die Sprache","언어, 말","noun star3","de-DE"
"sprechen","말하다","other star3","de-DE"
"spzierengehen","산책하다","other star3","de-DE"
"der Staat","나라, 국가","noun star3","de-DE"
"die Stadt","도시","noun star3","de-DE"
"stark","강한, 튼튼한","other star3","de-DE"
"statt","대신에","other star3","de-DE"
"stehen","서다","other star3","de-DE"
"steigen","오르다","other star3","de-DE"
"stellen","세우다, 놓다","other star3","de-DE"
"sterben","죽다","other star3","de-DE"
"die Steuer","세금","noun star3","de-DE"
"stimmen","맞다, 적합하다, 투표하다","other star3","de-DE"
"der Stock","층","noun star3","de-DE"
"stören","어지럽히다, 방해하다","other star3","de-DE"
"der Strand","해변, 해안","noun star3","de-DE"
"die Straße","도로","noun star3","de-DE"
"der Strom","강, 대하","noun star3","de-DE"
"der Strumpf","양말","noun star3","de-DE"
"das Stück","부분, 조각","noun star3","de-DE"
"der Stuhl","의자, 걸상","noun star3","de-DE"
"die Stunde","시간","noun star3","de-DE"
"suchen","찾다","other star3","de-DE"
"der Süd","남","noun star3","de-DE"
"die Suppe","수프","noun star3","de-DE"
"süß","단, 달콤한","other star3","de-DE"
"die Tafel","칠판, 식사, 연회","noun star3","de-DE"
"der Tag","낮, 주간","noun star3","de-DE"
"die Tante","숙모, 고모","noun star3","de-DE"
"tanzen","춤추다","other star3","de-DE"
"die Tasche","가방, 호주머니","noun star3","de-DE"
"die Tasse","잔, 컵","noun star3","de-DE"
"der Tee","차","noun star3","de-DE"
"telefonieren","전화걸다","other star3","de-DE"
"die Telefonzelle","공중전화박스","noun star3","de-DE"
"das Telegramm","전보, 전신","noun star3","de-DE"
"der Teller","접시","noun star3","de-DE"
"der Termin","기한 기일","noun star3","de-DE"
"teuer","비싼","other star3","de-DE"
"das Theater","극장, 연극","noun star3","de-DE"
"tief","깊은","other star3","de-DE"
"das Tier","동물, 짐승","noun star3","de-DE"
"der Tisch","탁자, 책상","noun star3","de-DE"
"die Tochter","딸","noun star3","de-DE"
"tot","죽은","other star3","de-DE"
"tragen","지니고 있다, 나르다","other star3","de-DE"
"träumen","꿈꾸다","other star3","de-DE"
"traurig","슬픈","other star3","de-DE"
"treffen","명중하다, 만나다","other star3","de-DE"
"trinken","마시다","other star3","de-DE"
"trocken","마른, 건조한","other star3","de-DE"
"trotzdem","에도 불구하고","other star3","de-DE"
"die Tür","문","noun star3","de-DE"
"die U-Bahn","지하철","noun star3","de-DE"
"üben","연습하다, 이행하다","other star3","de-DE"
"überall","도처에, 언제나","other star3","de-DE"
"übermorgen","모레","other star3","de-DE"
"übersetzen","번역하다, 통역하다","other star3","de-DE"
"die Uhr","시간, 시각","noun star3","de-DE"
"umsteigen","갈아타다","other star3","de-DE"
"der Unfall","재해, 사고, 상해","noun star3","de-DE"
"ungefähr","대략의","other star3","de-DE"
"die Universität","대학교","noun star3","de-DE"
"unterhalten","부양하다, 기르다, 보존하다","other star3","de-DE"
"der Unterricht","수업","noun star3","de-DE"
"unterschreiben","서명하다","other star3","de-DE"
"untersuchen","조사하다, 진찰하다","other star3","de-DE"
"der Urlaub","휴가","noun star3","de-DE"
"der Vater","아버지","noun star3","de-DE"
"verabreden","약속하다","other star3","de-DE"
"verbieten","금지하다","other star3","de-DE"
"verdienen","얻다, 벌다","other star3","de-DE"
"vergessen","잊다","other star3","de-DE"
"verheiraten","결혼하다","other star3","de-DE"
"verheiratet","결혼한","other star3","de-DE"
"verkaufen","팔다, 판매하다","other star3","de-DE"
"verletzen","해치다, 손상하다","other star3","de-DE"
"der Verletzte","부상자, 피해자","noun star3","de-DE"
"verlieren","잃다, 지다","other star3","de-DE"
"vermieten","세놓다","other star3","de-DE"
"verschieden","다른, 딴, 갖가지의","other star3","de-DE"
"versichern","확언하다, 보증하다","other star3","de-DE"
"die Versicherung","보험, 보증","noun star3","de-DE"
"versprechen","약속하다","other star3","de-DE"
"verstehen","이해하다","other star3","de-DE"
"versuchen","시도하다","other star3","de-DE"
"verwandt","친척의, 같은 종류의","other star3","de-DE"
"vielleicht","아마도","other star3","de-DE"
"der Vogel","새","noun star3","de-DE"
"voll","가득찬","other star3","de-DE"
"vorbei","지나서, 통과하여","other star3","de-DE"
"vorgestern","그저께","other star3","de-DE"
"vorhaben","의도하다, 계획하다","other star3","de-DE"
"der Vorname","이름","noun star3","de-DE"
"vorschlagen","제안하다, 제의하다","other star3","de-DE"
"die Vorsicht","조심, 주의","noun star3","de-DE"
"vorstellen","상상하다, 소개하다","other star3","de-DE"
"der Wagen","마차, 자동차","noun star3","de-DE"
"wählen","고르다, 선택하다","other star3","de-DE"
"wahr","진실한, 참된","other star3","de-DE"
"während","~하는 동안에","other star3","de-DE"
"wahrscheinlich","있을 법한","other star3","de-DE"
"der Wald","숲","noun star3","de-DE"
"die Wand","벽","noun star3","de-DE"
"warm","따뜻한","other star3","de-DE"
"warten","기다리다","other star3","de-DE"
"waschen","빨래하다, 씻다","other star3","de-DE"
"das Wasser","물","noun star3","de-DE"
"wechseln","바꾸다, 변경하다","other star3","de-DE"
"der Weg","길","noun star3","de-DE"
"weh","슬픈, 고통주다","other star3","de-DE"
"weich","부드러운, 폭신한","other star3","de-DE"
"der Wein","포도주","noun star3","de-DE"
"weinen","울다","other star3","de-DE"
"weiß","흰","other star3","de-DE"
"weit","넓은","other star3","de-DE"
"weiter","더 넓은, 더 먼","other star3","de-DE"
"welch","어떤","other star3","de-DE"
"die Welt","세계","noun star3","de-DE"
"wenig","적은","other star3","de-DE"
"der Westen","서쪽","noun star3","de-DE"
"das Wetter","날씨","noun star3","de-DE"
"wichtig","중요한, 중대한","other star3","de-DE"
"wieder","다시, 재차","other star3","de-DE"
"wiederholen","반복하다","other star3","de-DE"
"das Wiederhören","다시 듣기","noun star3","de-DE"
"wieviel","얼마만큼","other star3","de-DE"
"der Wind","바람","noun star3","de-DE"
"der Winter","겨울","noun star3","de-DE"
"wirklich","현실의, 실제의","other star3","de-DE"
"wissen","알다","other star3","de-DE"
"die Woche","주","noun star3","de-DE"
"wohnen","살다, 거주하다","other star3","de-DE"
"die Wohnung","주택","noun star3","de-DE"
"das Wort","단어, 낱말","noun star3","de-DE"
"wünschen","원하다","other star3","de-DE"
"die Wurst","소시지, 순대","noun star3","de-DE"
"die Zahl","수","noun star3","de-DE"
"zahlen","치르다, 지불하다","other star3","de-DE"
"der Zahn","이, 치아","noun star3","de-DE"
"zehnt","열번째의","other star3","de-DE"
"das Zeichen","표시, 표","noun star3","de-DE"
"zeigen","가르쳐주다, 알리다","other star3","de-DE"
"die Zeit","시간, 시대","noun star3","de-DE"
"die Zeitung","신문","noun star3","de-DE"
"das Zentrum","중심","noun star3","de-DE"
"der Zettel","종이 쪽지, 삐라","noun star3","de-DE"
"das Zeug","도구","noun star3","de-DE"
"ziemlich","상당한, 어지간한","other star3","de-DE"
"der Zigarette","담배","noun star3","de-DE"
"das Zimmer","방","noun star3","de-DE"
"der Zucker","설탕","noun star3","de-DE"
"zuerst","최초에, 맨먼저","other star3","de-DE"
"zufrieden","만족한","other star3","de-DE"
"der Zug","기차","noun star3","de-DE"
"zuhören","귀기울이다","other star3","de-DE"
"zurück","뒤로","other star3","de-DE"
"zusammen","함께","other star3","de-DE"
"zweit","2번째의","other star3","de-DE"
